Alabama;East South Central States;*
Alaska;Pacific Region;*
Arizona;Southwest United States ;*
Arkansas;West South Central States;*
California;Pacific Region;*
Colorado;Southwest United States ;*
Connecticut;New England;*
Delaware;Mid-Atlantic Region;*
Dist of Columbia;Mid-Atlantic Region;*
Florida;South Atlantic Region;*
Guam;Pacific Region;*
Georgia;South Atlantic Region;*
Hawaii;Pacific Region;*
Idaho;Northwest Mountain States ;*
Illinois;East North Central Region;*
Indiana;East North Central Region;*
Iowa;West North Central Region;*
Kansas;West North Central Region;*
Kentucky;East South Central States;*
Louisiana;West South Central States;*
Maine;New England;*
Maryland;Mid-Atlantic Region;*
Massachusetts;New England;*
Michigan;East North Central Region;*
Minnesota;West North Central Region;*
Mississippi;East South Central States;*
Missouri;West North Central Region;*
Montana;Northwest Mountain States ;*
Nebraska;West North Central Region;*
Nevada;Southwest United States ;*
New Hampshire;New England;*
New Jersey;Mid-Atlantic Region;*
New Mexico;Southwest United States ;*
New York;Mid-Atlantic Region;*
North Carolina;South Atlantic Region;*
North Dakota;West North Central Region;*
Ohio;East North Central Region;*
Oklahoma;West South Central States;*
Oregon;Pacific Region;*
Pennsylvania;Mid-Atlantic Region;*
Rhode Island;New England;*
South Carolina;South Atlantic Region;*
South Dakota;West North Central Region;*
Tennessee;East South Central States;*
Texas;West South Central States;*
Utah;Southwest United States ;*
Vermont;New England;*
Virginia;Mid-Atlantic Region;*
Washington;Pacific Region;*
West Virginia;Mid-Atlantic Region;*
Wisconsin;East North Central Region;*
Wyoming;Northwest Mountain States ;*
